-- MySQL dump 10.13  Distrib 8.0.43, for macos15 (x86_64)
--
-- Host: 127.0.0.1    Database: movie_cte_db
-- ------------------------------------------------------
-- Server version	9.3.0

/*!40101 SET @OLD_CHARACTER_SET_CLIENT=@@CHARACTER_SET_CLIENT */;
/*!40101 SET @OLD_CHARACTER_SET_RESULTS=@@CHARACTER_SET_RESULTS */;
/*!40101 SET @OLD_COLLATION_CONNECTION=@@COLLATION_CONNECTION */;
/*!50503 SET NAMES utf8 */;
/*!40103 SET @OLD_TIME_ZONE=@@TIME_ZONE */;
/*!40103 SET TIME_ZONE='+00:00' */;
/*!40014 SET @OLD_UNIQUE_CHECKS=@@UNIQUE_CHECKS, UNIQUE_CHECKS=0 */;
/*!40014 SET @OLD_FOREIGN_KEY_CHECKS=@@FOREIGN_KEY_CHECKS, FOREIGN_KEY_CHECKS=0 */;
/*!40101 SET @OLD_SQL_MODE=@@SQL_MODE, SQL_MODE='NO_AUTO_VALUE_ON_ZERO' */;
/*!40111 SET @OLD_SQL_NOTES=@@SQL_NOTES, SQL_NOTES=0 */;

--
-- Table structure for table `actors`
--

DROP TABLE IF EXISTS `actors`;
/*!40101 SET @saved_cs_client     = @@character_set_client */;
/*!50503 SET character_set_client = utf8mb4 */;
CREATE TABLE `actors` (
  `actor_id` int NOT NULL,
  `actor_name` varchar(100) DEFAULT NULL,
  `country` varchar(50) DEFAULT NULL,
  PRIMARY KEY (`actor_id`)
) ENGINE=InnoDB DEFAULT CHARSET=utf8mb4 COLLATE=utf8mb4_0900_ai_ci;
/*!40101 SET character_set_client = @saved_cs_client */;

--
-- Dumping data for table `actors`
--

LOCK TABLES `actors` WRITE;
/*!40000 ALTER TABLE `actors` DISABLE KEYS */;
INSERT INTO `actors` VALUES (1,'Leonardo DiCaprio','USA'),(2,'Christian Bale','UK'),(3,'Robert Downey Jr.','USA'),(4,'Song Kang-ho','Korea'),(5,'Steve Carell','USA');
/*!40000 ALTER TABLE `actors` ENABLE KEYS */;
UNLOCK TABLES;

--
-- Table structure for table `genres`
--

DROP TABLE IF EXISTS `genres`;
/*!40101 SET @saved_cs_client     = @@character_set_client */;
/*!50503 SET character_set_client = utf8mb4 */;
CREATE TABLE `genres` (
  `genre_id` int NOT NULL,
  `genre_name` varchar(50) NOT NULL,
  PRIMARY KEY (`genre_id`)
) ENGINE=InnoDB DEFAULT CHARSET=utf8mb4 COLLATE=utf8mb4_0900_ai_ci;
/*!40101 SET character_set_client = @saved_cs_client */;

--
-- Dumping data for table `genres`
--

LOCK TABLES `genres` WRITE;
/*!40000 ALTER TABLE `genres` DISABLE KEYS */;
INSERT INTO `genres` VALUES (1,'Action'),(2,'Drama'),(3,'Comedy'),(4,'Sci-Fi');
/*!40000 ALTER TABLE `genres` ENABLE KEYS */;
UNLOCK TABLES;

--
-- Table structure for table `movie_cast`
--

DROP TABLE IF EXISTS `movie_cast`;
/*!40101 SET @saved_cs_client     = @@character_set_client */;
/*!50503 SET character_set_client = utf8mb4 */;
CREATE TABLE `movie_cast` (
  `movie_id` int NOT NULL,
  `actor_id` int NOT NULL,
  `role_name` varchar(100) DEFAULT NULL,
  PRIMARY KEY (`movie_id`,`actor_id`),
  KEY `actor_id` (`actor_id`),
  CONSTRAINT `movie_cast_ibfk_1` FOREIGN KEY (`movie_id`) REFERENCES `movies` (`movie_id`),
  CONSTRAINT `movie_cast_ibfk_2` FOREIGN KEY (`actor_id`) REFERENCES `actors` (`actor_id`)
) ENGINE=InnoDB DEFAULT CHARSET=utf8mb4 COLLATE=utf8mb4_0900_ai_ci;
/*!40101 SET character_set_client = @saved_cs_client */;

--
-- Dumping data for table `movie_cast`
--

LOCK TABLES `movie_cast` WRITE;
/*!40000 ALTER TABLE `movie_cast` DISABLE KEYS */;
INSERT INTO `movie_cast` VALUES (1,1,'Cobb'),(2,2,'Batman'),(3,4,'Kim Ki-taek'),(4,1,'Arthur Fleck'),(5,3,'Iron Man'),(6,5,'Boss');
/*!40000 ALTER TABLE `movie_cast` ENABLE KEYS */;
UNLOCK TABLES;

--
-- Table structure for table `movies`
--

DROP TABLE IF EXISTS `movies`;
/*!40101 SET @saved_cs_client     = @@character_set_client */;
/*!50503 SET character_set_client = utf8mb4 */;
CREATE TABLE `movies` (
  `movie_id` int NOT NULL,
  `title` varchar(100) NOT NULL,
  `release_year` int DEFAULT NULL,
  `genre_id` int DEFAULT NULL,
  PRIMARY KEY (`movie_id`),
  KEY `genre_id` (`genre_id`),
  CONSTRAINT `movies_ibfk_1` FOREIGN KEY (`genre_id`) REFERENCES `genres` (`genre_id`)
) ENGINE=InnoDB DEFAULT CHARSET=utf8mb4 COLLATE=utf8mb4_0900_ai_ci;
/*!40101 SET character_set_client = @saved_cs_client */;

--
-- Dumping data for table `movies`
--

LOCK TABLES `movies` WRITE;
/*!40000 ALTER TABLE `movies` DISABLE KEYS */;
INSERT INTO `movies` VALUES (1,'Inception',2010,4),(2,'The Dark Knight',2008,1),(3,'Parasite',2019,2),(4,'Joker',2019,2),(5,'Avengers: Endgame',2019,1),(6,'The Office Movie',2021,3);
/*!40000 ALTER TABLE `movies` ENABLE KEYS */;
UNLOCK TABLES;

--
-- Table structure for table `ratings`
--

DROP TABLE IF EXISTS `ratings`;
/*!40101 SET @saved_cs_client     = @@character_set_client */;
/*!50503 SET character_set_client = utf8mb4 */;
CREATE TABLE `ratings` (
  `rating_id` int NOT NULL AUTO_INCREMENT,
  `movie_id` int DEFAULT NULL,
  `user_id` int DEFAULT NULL,
  `rating` decimal(3,1) DEFAULT NULL,
  PRIMARY KEY (`rating_id`),
  KEY `movie_id` (`movie_id`),
  KEY `user_id` (`user_id`),
  CONSTRAINT `ratings_ibfk_1` FOREIGN KEY (`movie_id`) REFERENCES `movies` (`movie_id`),
  CONSTRAINT `ratings_ibfk_2` FOREIGN KEY (`user_id`) REFERENCES `users` (`user_id`)
) ENGINE=InnoDB AUTO_INCREMENT=11 DEFAULT CHARSET=utf8mb4 COLLATE=utf8mb4_0900_ai_ci;
/*!40101 SET character_set_client = @saved_cs_client */;

--
-- Dumping data for table `ratings`
--

LOCK TABLES `ratings` WRITE;
/*!40000 ALTER TABLE `ratings` DISABLE KEYS */;
INSERT INTO `ratings` VALUES (1,1,1,9.0),(2,1,2,8.5),(3,1,3,9.5),(4,2,1,9.8),(5,2,2,9.0),(6,3,3,9.9),(7,3,1,8.8),(8,4,2,8.2),(9,5,3,9.0),(10,5,4,8.5);
/*!40000 ALTER TABLE `ratings` ENABLE KEYS */;
UNLOCK TABLES;

--
-- Table structure for table `users`
--

DROP TABLE IF EXISTS `users`;
/*!40101 SET @saved_cs_client     = @@character_set_client */;
/*!50503 SET character_set_client = utf8mb4 */;
CREATE TABLE `users` (
  `user_id` int NOT NULL,
  `user_name` varchar(50) DEFAULT NULL,
  `country` varchar(50) DEFAULT NULL,
  PRIMARY KEY (`user_id`)
) ENGINE=InnoDB DEFAULT CHARSET=utf8mb4 COLLATE=utf8mb4_0900_ai_ci;
/*!40101 SET character_set_client = @saved_cs_client */;

--
-- Dumping data for table `users`
--

LOCK TABLES `users` WRITE;
/*!40000 ALTER TABLE `users` DISABLE KEYS */;
INSERT INTO `users` VALUES (1,'Alice','USA'),(2,'Bob','UK'),(3,'Charlie','India'),(4,'David','Canada');
/*!40000 ALTER TABLE `users` ENABLE KEYS */;
UNLOCK TABLES;
/*!40103 SET TIME_ZONE=@OLD_TIME_ZONE */;

/*!40101 SET SQL_MODE=@OLD_SQL_MODE */;
/*!40014 SET FOREIGN_KEY_CHECKS=@OLD_FOREIGN_KEY_CHECKS */;
/*!40014 SET UNIQUE_CHECKS=@OLD_UNIQUE_CHECKS */;
/*!40101 SET CHARACTER_SET_CLIENT=@OLD_CHARACTER_SET_CLIENT */;
/*!40101 SET CHARACTER_SET_RESULTS=@OLD_CHARACTER_SET_RESULTS */;
/*!40101 SET COLLATION_CONNECTION=@OLD_COLLATION_CONNECTION */;
/*!40111 SET SQL_NOTES=@OLD_SQL_NOTES */;

-- Dump completed on 2025-10-30 18:23:31
